OrderDetailID,OrderID,ProductID,Quantity,UnitPrice
1,1017,5,5,120.0
2,61,15,5,1999.0
3,784,21,3,1799.0
4,1400,15,1,1999.0
5,874,3,4,50.0
6,354,24,4,899.0
7,725,17,4,399.0
8,440,4,5,15.0
9,384,6,5,13999.0
10,564,25,5,149.0
11,574,19,4,250.0
12,914,23,2,2499.0
13,305,18,1,350.0
14,71,5,5,120.0
15,1258,13,1,4599.0
16,1269,14,4,799.0
17,1264,11,5,1299.0
18,504,15,3,1999.0
19,1326,1,5,10.0
20,605,6,1,13999.0
21,1022,15,3,1999.0
22,844,19,4,250.0
23,1128,23,4,2499.0
24,982,7,1,12999.0
25,125,15,4,1999.0
26,180,3,5,50.0
27,573,9,3,42999.0
28,785,11,4,1299.0
29,282,23,4,2499.0
30,859,21,1,1799.0
31,409,23,2,2499.0
32,1317,6,3,13999.0
33,1077,23,2,2499.0
34,511,24,4,899.0
35,1292,4,3,15.0
36,1114,3,4,50.0
37,40,4,2,15.0
38,784,23,5,2499.0
39,1461,15,2,1999.0
40,736,21,5,1799.0
41,983,12,3,2499.0
42,1116,3,5,50.0
43,993,17,4,399.0
44,705,23,2,2499.0
45,1159,13,3,4599.0
46,1029,24,4,899.0
47,659,17,4,399.0
48,796,20,3,199.0
49,554,6,4,13999.0
50,369,13,2,4599.0
51,54,18,5,350.0
52,654,13,2,4599.0
53,1223,2,3,20.0
54,449,25,1,149.0
55,61,6,4,13999.0
56,576,11,2,1299.0
57,120,19,2,250.0
58,967,22,2,120.0
59,1085,5,2,120.0
60,733,6,5,13999.0
61,1197,5,4,120.0
62,477,6,1,13999.0
63,327,25,4,149.0
64,206,23,4,2499.0
65,508,2,3,20.0
66,1346,14,2,799.0
67,494,10,2,13499.0
68,546,10,5,13499.0
69,1093,24,1,899.0
70,115,25,1,149.0
71,450,15,3,1999.0
72,1180,10,3,13499.0
73,796,21,3,1799.0
74,727,6,2,13999.0
75,356,4,2,15.0
76,361,5,5,120.0
77,485,7,1,12999.0
78,1214,1,1,10.0
79,652,20,3,199.0
80,1429,25,4,149.0
81,735,9,1,42999.0
82,1212,1,5,10.0
83,58,15,2,1999.0
84,1441,16,1,60.0
85,1435,16,5,60.0
86,721,18,2,350.0
87,1163,1,4,10.0
88,1155,20,3,199.0
89,292,16,3,60.0
90,1154,8,3,19990.0
91,386,7,1,12999.0
92,1009,19,5,250.0
93,1111,22,3,120.0
94,633,16,2,60.0
95,360,15,5,1999.0
96,1005,14,5,799.0
97,78,15,1,1999.0
98,185,3,1,50.0
99,116,20,4,199.0
100,477,20,4,199.0
101,1233,1,1,10.0
102,449,8,1,19990.0
103,41,18,5,350.0
104,1079,9,5,42999.0
105,979,20,1,199.0
106,2,21,5,1799.0
107,680,18,1,350.0
108,1258,7,5,12999.0
109,413,2,1,20.0
110,268,6,2,13999.0
111,698,5,1,120.0
112,1469,2,2,20.0
113,364,21,3,1799.0
114,663,12,2,2499.0
115,122,2,3,20.0
116,45,5,4,120.0
117,303,2,5,20.0
118,1202,22,4,120.0
119,1444,19,1,250.0
120,291,20,2,199.0
121,228,10,3,13499.0
122,1078,11,3,1299.0
123,748,3,2,50.0
124,149,2,1,20.0
125,766,4,2,15.0
126,1443,14,4,799.0
127,1357,6,4,13999.0
128,811,6,1,13999.0
129,1201,22,2,120.0
130,207,10,4,13499.0
131,690,20,3,199.0
132,619,22,3,120.0
133,661,23,5,2499.0
134,280,23,2,2499.0
135,323,20,1,199.0
136,1500,19,3,250.0
137,895,18,3,350.0
138,1310,6,4,13999.0
139,998,15,3,1999.0
140,1330,24,2,899.0
141,650,19,2,250.0
142,357,12,5,2499.0
143,1449,2,4,20.0
144,1151,3,2,50.0
145,1421,25,2,149.0
146,1257,10,4,13499.0
147,731,11,4,1299.0
148,458,12,4,2499.0
149,1364,13,4,4599.0
150,1207,3,5,50.0
151,360,25,3,149.0
152,775,14,1,799.0
153,629,18,4,350.0
154,1411,3,2,50.0
155,604,10,1,13499.0
156,261,16,5,60.0
157,364,5,1,120.0
158,1493,4,1,15.0
159,4,23,3,2499.0
160,1438,9,3,42999.0
161,1174,11,4,1299.0
162,802,17,2,399.0
163,1163,14,4,799.0
164,67,17,1,399.0
165,373,7,4,12999.0
166,1234,23,1,2499.0
167,652,7,2,12999.0
168,1253,20,5,199.0
169,453,2,1,20.0
170,1310,4,5,15.0
171,1159,19,3,250.0
172,214,24,4,899.0
173,1017,21,4,1799.0
174,289,17,5,399.0
175,679,3,3,50.0
176,160,16,3,60.0
177,488,24,3,899.0
178,711,23,1,2499.0
179,655,20,3,199.0
180,344,23,5,2499.0
181,1303,10,5,13499.0
182,182,14,2,799.0
183,1452,20,4,199.0
184,1373,11,4,1299.0
185,1309,9,2,42999.0
186,1494,17,5,399.0
187,688,19,5,250.0
188,915,20,5,199.0
189,24,12,4,2499.0
190,544,5,3,120.0
191,430,20,4,199.0
192,512,19,2,250.0
193,1420,16,3,60.0
194,139,17,1,399.0
195,718,24,1,899.0
196,526,21,5,1799.0
197,222,16,3,60.0
198,1476,16,4,60.0
199,3,6,2,13999.0
200,99,20,5,199.0
201,791,8,5,19990.0
202,898,23,3,2499.0
203,860,10,2,13499.0
204,341,7,1,12999.0
205,848,1,5,10.0
206,1010,4,5,15.0
207,776,1,3,10.0
208,720,15,5,1999.0
209,1119,21,3,1799.0
210,769,4,2,15.0
211,208,24,1,899.0
212,982,7,1,12999.0
213,1184,20,5,199.0
214,1334,14,5,799.0
215,1408,14,3,799.0
216,462,2,2,20.0
217,334,11,3,1299.0
218,925,12,4,2499.0
219,151,18,5,350.0
220,69,21,1,1799.0
221,604,7,1,12999.0
222,42,1,3,10.0
223,653,21,3,1799.0
224,535,7,5,12999.0
225,215,23,3,2499.0
226,152,10,1,13499.0
227,701,9,1,42999.0
228,349,3,1,50.0
229,769,10,4,13499.0
230,330,10,3,13499.0
231,1500,17,5,399.0
232,154,18,1,350.0
233,1121,11,4,1299.0
234,191,25,3,149.0
235,693,1,2,10.0
236,1217,4,5,15.0
237,1257,22,5,120.0
238,989,11,5,1299.0
239,1443,11,5,1299.0
240,64,13,2,4599.0
241,884,24,3,899.0
242,1339,19,3,250.0
243,338,20,3,199.0
244,1244,1,5,10.0
245,890,6,2,13999.0
246,322,7,4,12999.0
247,110,11,5,1299.0
248,208,11,2,1299.0
249,679,22,1,120.0
250,421,16,3,60.0
251,390,16,5,60.0
252,839,2,5,20.0
253,1428,21,2,1799.0
254,1135,5,3,120.0
255,1479,16,4,60.0
256,1495,5,1,120.0
257,1107,21,2,1799.0
258,544,15,4,1999.0
259,1353,18,4,350.0
260,577,11,1,1299.0
261,610,15,1,1999.0
262,487,14,1,799.0
263,197,24,4,899.0
264,102,2,2,20.0
265,805,17,4,399.0
266,1171,10,2,13499.0
267,1126,19,4,250.0
268,1006,24,1,899.0
269,315,22,3,120.0
270,112,11,5,1299.0
271,739,18,4,350.0
272,8,18,5,350.0
273,876,1,5,10.0
274,180,7,5,12999.0
275,604,19,4,250.0
276,1356,22,3,120.0
277,1281,11,5,1299.0
278,1230,12,4,2499.0
279,984,3,4,50.0
280,409,5,4,120.0
281,199,9,4,42999.0
282,53,1,4,10.0
283,424,11,2,1299.0
284,350,13,2,4599.0
285,1308,21,5,1799.0
286,598,18,2,350.0
287,168,6,4,13999.0
288,970,19,4,250.0
289,237,20,2,199.0
290,632,13,5,4599.0
291,815,6,5,13999.0
292,965,20,1,199.0
293,1002,4,2,15.0
294,1354,25,4,149.0
295,543,10,4,13499.0
296,187,23,1,2499.0
297,1315,11,2,1299.0
298,1115,23,5,2499.0
299,794,2,3,20.0
300,379,9,1,42999.0
301,760,14,5,799.0
302,782,3,4,50.0
303,757,16,1,60.0
304,383,8,1,19990.0
305,913,12,3,2499.0
306,92,15,5,1999.0
307,540,10,3,13499.0
308,901,7,1,12999.0
309,953,17,5,399.0
310,540,10,2,13499.0
311,464,6,1,13999.0
312,551,4,3,15.0
313,1156,12,3,2499.0
314,127,2,3,20.0
315,310,25,3,149.0
316,1427,7,3,12999.0
317,1367,3,4,50.0
318,199,15,1,1999.0
319,176,17,2,399.0
320,1369,1,2,10.0
321,705,16,5,60.0
322,1109,17,4,399.0
323,848,5,1,120.0
324,1208,7,3,12999.0
325,466,11,3,1299.0
326,1134,16,2,60.0
327,125,24,2,899.0
328,793,17,4,399.0
329,1071,10,1,13499.0
330,858,25,1,149.0
331,1097,11,5,1299.0
332,1408,5,3,120.0
333,973,25,1,149.0
334,1173,4,1,15.0
335,483,17,4,399.0
336,976,22,4,120.0
337,613,5,5,120.0
338,162,7,3,12999.0
339,809,24,5,899.0
340,1463,2,4,20.0
341,72,15,3,1999.0
342,1029,13,4,4599.0
343,1170,23,4,2499.0
344,1059,17,5,399.0
345,1171,4,2,15.0
346,1388,1,2,10.0
347,1271,10,5,13499.0
348,302,2,4,20.0
349,247,22,4,120.0
350,920,20,4,199.0
351,355,3,2,50.0
352,343,11,3,1299.0
353,434,15,1,1999.0
354,395,2,5,20.0
355,259,4,5,15.0
356,88,17,4,399.0
357,868,25,4,149.0
358,161,22,2,120.0
359,1400,24,4,899.0
360,892,10,3,13499.0
361,414,1,5,10.0
362,1285,19,1,250.0
363,303,25,4,149.0
364,1219,10,3,13499.0
365,529,21,1,1799.0
366,655,7,2,12999.0
367,1490,11,1,1299.0
368,138,7,5,12999.0
369,179,7,3,12999.0
370,795,10,5,13499.0
371,1140,9,1,42999.0
372,814,18,5,350.0
373,1131,11,1,1299.0
374,668,25,2,149.0
375,566,15,5,1999.0
376,1065,22,5,120.0
377,939,4,5,15.0
378,26,9,1,42999.0
379,1435,5,5,120.0
380,1277,6,5,13999.0
381,1204,9,2,42999.0
382,1071,4,4,15.0
383,860,1,5,10.0
384,231,20,1,199.0
385,849,18,1,350.0
386,307,17,5,399.0
387,304,4,2,15.0
388,1161,7,1,12999.0
389,1205,18,3,350.0
390,1194,12,2,2499.0
391,206,18,2,350.0
392,217,11,5,1299.0
393,1153,9,4,42999.0
394,207,5,1,120.0
395,586,23,5,2499.0
396,1097,10,5,13499.0
397,705,19,3,250.0
398,842,8,4,19990.0
399,541,6,5,13999.0
400,785,3,1,50.0
401,1342,10,4,13499.0
402,995,20,1,199.0
403,1172,11,3,1299.0
404,1248,18,4,350.0
405,969,15,2,1999.0
406,77,2,4,20.0
407,353,5,1,120.0
408,565,1,5,10.0
409,826,16,3,60.0
410,295,22,4,120.0
411,1267,2,3,20.0
412,1247,4,1,15.0
413,1395,13,1,4599.0
414,1421,2,1,20.0
415,823,3,5,50.0
416,80,14,2,799.0
417,811,13,3,4599.0
418,679,6,2,13999.0
419,1415,23,2,2499.0
420,487,20,3,199.0
421,101,19,1,250.0
422,974,21,2,1799.0
423,551,23,3,2499.0
424,763,23,4,2499.0
425,42,15,2,1999.0
426,692,20,1,199.0
427,621,12,5,2499.0
428,637,10,3,13499.0
429,575,11,2,1299.0
430,1007,7,1,12999.0
431,1426,23,1,2499.0
432,1403,25,3,149.0
433,202,22,4,120.0
434,467,18,1,350.0
435,276,3,3,50.0
436,616,25,2,149.0
437,908,25,4,149.0
438,658,15,3,1999.0
439,552,19,3,250.0
440,1493,5,4,120.0
441,854,3,1,50.0
442,1239,23,1,2499.0
443,1323,15,2,1999.0
444,183,4,2,15.0
445,385,15,5,1999.0
446,905,10,5,13499.0
447,433,22,2,120.0
448,834,21,4,1799.0
449,993,23,5,2499.0
450,1058,25,5,149.0
451,766,15,4,1999.0
452,116,16,1,60.0
453,1056,8,3,19990.0
454,326,8,1,19990.0
455,135,5,3,120.0
456,638,20,4,199.0
457,1454,9,5,42999.0
458,1038,12,4,2499.0
459,827,13,1,4599.0
460,278,6,4,13999.0
461,1074,23,1,2499.0
462,1165,22,4,120.0
463,60,11,2,1299.0
464,356,11,1,1299.0
465,395,15,3,1999.0
466,412,16,5,60.0
467,119,1,5,10.0
468,511,3,1,50.0
469,68,16,2,60.0
470,935,4,5,15.0
471,104,12,2,2499.0
472,739,16,3,60.0
473,1444,15,5,1999.0
474,408,6,4,13999.0
475,562,10,4,13499.0
476,755,25,1,149.0
477,951,12,5,2499.0
478,1035,20,2,199.0
479,813,19,2,250.0
480,1302,5,3,120.0
481,254,17,5,399.0
482,1396,4,2,15.0
483,63,13,2,4599.0
484,496,23,5,2499.0
485,763,4,4,15.0
486,1002,11,5,1299.0
487,1217,18,4,350.0
488,914,21,1,1799.0
489,364,3,1,50.0
490,972,10,4,13499.0
491,1202,18,5,350.0
492,1130,15,3,1999.0
493,717,13,2,4599.0
494,706,19,1,250.0
495,335,14,1,799.0
496,530,8,4,19990.0
497,1411,20,3,199.0
498,186,8,5,19990.0
499,584,18,3,350.0
500,57,6,4,13999.0
501,792,16,3,60.0
502,102,13,2,4599.0
503,334,3,5,50.0
504,1172,11,5,1299.0
505,439,7,3,12999.0
506,454,23,1,2499.0
507,1326,19,2,250.0
508,462,14,5,799.0
509,1388,14,5,799.0
510,424,19,1,250.0
511,552,11,3,1299.0
512,1335,18,1,350.0
513,839,23,4,2499.0
514,1052,8,1,19990.0
515,42,6,2,13999.0
516,1398,22,5,120.0
517,19,22,3,120.0
518,971,3,4,50.0
519,271,24,2,899.0
520,1326,23,5,2499.0
521,355,19,5,250.0
522,1232,16,3,60.0
523,18,4,3,15.0
524,459,19,3,250.0
525,517,20,4,199.0
526,1246,15,3,1999.0
527,626,11,2,1299.0
528,1460,18,3,350.0
529,1453,4,3,15.0
530,1317,15,2,1999.0
531,564,6,4,13999.0
532,868,10,5,13499.0
533,772,13,3,4599.0
534,715,3,1,50.0
535,941,20,2,199.0
536,517,4,1,15.0
537,447,22,5,120.0
538,956,20,4,199.0
539,619,25,1,149.0
540,1387,13,1,4599.0
541,1067,11,2,1299.0
542,1278,16,4,60.0
543,814,21,5,1799.0
544,1198,22,4,120.0
545,210,2,4,20.0
546,16,3,5,50.0
547,1048,7,1,12999.0
548,1357,5,1,120.0
549,767,19,5,250.0
550,1150,25,1,149.0
551,1326,21,4,1799.0
552,1217,1,1,10.0
553,1248,25,3,149.0
554,579,5,4,120.0
555,612,22,5,120.0
556,1402,5,3,120.0
557,222,15,4,1999.0
558,987,18,2,350.0
559,131,10,1,13499.0
560,689,13,1,4599.0
561,567,20,4,199.0
562,1312,19,3,250.0
563,666,15,2,1999.0
564,568,7,4,12999.0
565,535,7,1,12999.0
566,1344,22,2,120.0
567,1457,11,1,1299.0
568,1335,10,3,13499.0
569,612,19,3,250.0
570,386,22,2,120.0
571,308,10,1,13499.0
572,1060,14,5,799.0
573,493,23,3,2499.0
574,117,12,2,2499.0
575,1229,3,2,50.0
576,828,19,4,250.0
577,1353,1,3,10.0
578,655,20,1,199.0
579,1395,17,3,399.0
580,287,13,4,4599.0
581,1478,5,5,120.0
582,53,10,2,13499.0
583,1343,2,1,20.0
584,1019,12,2,2499.0
585,606,18,4,350.0
586,532,2,1,20.0
587,858,1,3,10.0
588,829,23,5,2499.0
589,796,18,5,350.0
590,73,12,4,2499.0
591,1195,4,2,15.0
592,1451,10,5,13499.0
593,1172,1,2,10.0
594,389,8,5,19990.0
595,703,14,5,799.0
596,1488,23,5,2499.0
597,1461,19,2,250.0
598,456,13,1,4599.0
599,1406,21,5,1799.0
600,1095,11,2,1299.0
601,1308,23,1,2499.0
602,975,13,2,4599.0
603,1376,13,3,4599.0
604,735,13,5,4599.0
605,1039,14,2,799.0
606,615,18,5,350.0
607,349,7,3,12999.0
608,1347,22,2,120.0
609,1144,6,1,13999.0
610,371,16,5,60.0
611,602,5,5,120.0
612,200,7,3,12999.0
613,965,18,5,350.0
614,263,13,4,4599.0
615,530,12,1,2499.0
616,1486,14,4,799.0
617,1145,5,1,120.0
618,375,10,3,13499.0
619,1393,22,4,120.0
620,688,5,4,120.0
621,1341,5,3,120.0
622,183,1,1,10.0
623,456,3,5,50.0
624,728,21,4,1799.0
625,458,1,4,10.0
626,629,5,3,120.0
627,862,24,5,899.0
628,679,16,1,60.0
629,762,22,2,120.0
630,534,14,1,799.0
631,1200,5,3,120.0
632,603,3,4,50.0
633,950,5,5,120.0
634,242,21,4,1799.0
635,964,14,3,799.0
636,110,15,1,1999.0
637,1300,23,4,2499.0
638,1196,20,2,199.0
639,1189,14,3,799.0
640,1272,20,1,199.0
641,146,6,5,13999.0
642,968,15,1,1999.0
643,399,17,2,399.0
644,1025,14,4,799.0
645,246,18,1,350.0
646,1395,15,2,1999.0
647,782,13,2,4599.0
648,1086,12,2,2499.0
649,612,8,3,19990.0
650,847,6,3,13999.0
651,111,14,1,799.0
652,309,20,1,199.0
653,282,1,1,10.0
654,411,19,4,250.0
655,702,16,4,60.0
656,839,24,1,899.0
657,1167,8,5,19990.0
658,938,23,3,2499.0
659,294,17,3,399.0
660,648,9,2,42999.0
661,1466,14,1,799.0
662,370,18,4,350.0
663,166,19,2,250.0
664,999,12,3,2499.0
665,682,2,1,20.0
666,1293,2,3,20.0
667,363,19,5,250.0
668,642,16,2,60.0
669,1300,23,1,2499.0
670,119,12,5,2499.0
671,10,4,5,15.0
672,926,19,4,250.0
673,561,16,1,60.0
674,429,23,4,2499.0
675,346,3,5,50.0
676,1181,5,1,120.0
677,325,24,1,899.0
678,1003,24,1,899.0
679,181,17,1,399.0
680,266,25,4,149.0
681,1259,25,3,149.0
682,889,9,1,42999.0
683,1298,15,2,1999.0
684,880,17,1,399.0
685,827,3,4,50.0
686,879,17,1,399.0
687,978,20,3,199.0
688,786,3,5,50.0
689,10,8,4,19990.0
690,78,16,1,60.0
691,1094,21,1,1799.0
692,409,24,1,899.0
693,1497,22,5,120.0
694,765,22,1,120.0
695,29,3,3,50.0
696,660,22,4,120.0
697,1088,21,4,1799.0
698,391,18,1,350.0
699,37,19,5,250.0
700,1386,10,4,13499.0
701,9,20,2,199.0
702,1284,2,5,20.0
703,510,11,5,1299.0
704,464,18,1,350.0
705,1421,25,4,149.0
706,706,1,4,10.0
707,640,16,4,60.0
708,265,15,4,1999.0
709,211,17,5,399.0
710,786,16,5,60.0
711,1031,19,1,250.0
712,1206,24,3,899.0
713,627,11,1,1299.0
714,343,14,4,799.0
715,134,12,5,2499.0
716,94,10,3,13499.0
717,611,10,5,13499.0
718,596,6,2,13999.0
719,934,2,1,20.0
720,1491,23,1,2499.0
721,1066,20,1,199.0
722,1222,24,5,899.0
723,1074,10,1,13499.0
724,692,24,5,899.0
725,889,19,2,250.0
726,1407,9,5,42999.0
727,275,2,2,20.0
728,702,21,5,1799.0
729,1004,16,3,60.0
730,736,19,3,250.0
731,386,6,4,13999.0
732,338,19,4,250.0
733,827,2,5,20.0
734,40,22,4,120.0
735,468,10,2,13499.0
736,460,24,2,899.0
737,1490,20,2,199.0
738,269,1,1,10.0
739,433,10,1,13499.0
740,45,16,2,60.0
741,1208,3,3,50.0
742,1034,5,5,120.0
743,347,17,4,399.0
744,253,3,5,50.0
745,751,9,3,42999.0
746,1457,9,3,42999.0
747,1333,5,5,120.0
748,77,20,5,199.0
749,769,9,2,42999.0
750,1312,9,2,42999.0
751,524,9,4,42999.0
752,1096,1,3,10.0
753,1277,24,5,899.0
754,100,4,3,15.0
755,1217,20,3,199.0
756,99,6,3,13999.0
757,1356,19,1,250.0
758,222,24,5,899.0
759,1339,5,5,120.0
760,41,22,2,120.0
761,99,15,1,1999.0
762,1413,12,2,2499.0
763,238,6,5,13999.0
764,854,9,5,42999.0
765,910,23,1,2499.0
766,779,8,4,19990.0
767,254,16,3,60.0
768,1121,6,2,13999.0
769,518,17,2,399.0
770,972,2,2,20.0
771,1438,11,1,1299.0
772,314,3,3,50.0
773,421,5,2,120.0
774,1424,20,4,199.0
775,1405,5,4,120.0
776,1291,16,5,60.0
777,20,25,3,149.0
778,617,14,5,799.0
779,862,25,5,149.0
780,1356,13,3,4599.0
781,207,8,5,19990.0
782,1357,22,3,120.0
783,1066,15,4,1999.0
784,553,24,3,899.0
785,1276,21,2,1799.0
786,1241,6,1,13999.0
787,1436,7,4,12999.0
788,281,19,1,250.0
789,858,24,4,899.0
790,215,12,2,2499.0
791,1048,2,1,20.0
792,1473,21,2,1799.0
793,1266,9,2,42999.0
794,242,25,4,149.0
795,579,4,5,15.0
796,234,2,2,20.0
797,218,6,2,13999.0
798,1020,15,4,1999.0
799,407,13,3,4599.0
800,1248,16,4,60.0
801,410,10,2,13499.0
802,539,16,4,60.0
803,1072,24,2,899.0
804,414,25,1,149.0
805,734,18,3,350.0
806,1441,8,1,19990.0
807,840,13,1,4599.0
808,605,22,3,120.0
809,329,23,1,2499.0
810,81,13,5,4599.0
811,1123,16,1,60.0
812,1017,9,2,42999.0
813,426,5,3,120.0
814,1410,17,4,399.0
815,985,14,2,799.0
816,678,1,5,10.0
817,481,10,3,13499.0
818,6,15,1,1999.0
819,27,13,1,4599.0
820,1376,22,2,120.0
821,183,11,2,1299.0
822,227,17,3,399.0
823,1176,22,2,120.0
824,1371,2,2,20.0
825,1012,4,3,15.0
826,306,18,2,350.0
827,185,21,3,1799.0
828,1048,12,5,2499.0
829,154,14,2,799.0
830,1482,20,2,199.0
831,1482,21,2,1799.0
832,208,9,1,42999.0
833,525,11,2,1299.0
834,1320,9,3,42999.0
835,474,9,1,42999.0
836,936,4,1,15.0
837,607,9,2,42999.0
838,541,21,4,1799.0
839,951,19,1,250.0
840,103,13,3,4599.0
841,205,15,2,1999.0
842,358,25,3,149.0
843,81,22,4,120.0
844,596,24,2,899.0
845,738,8,3,19990.0
846,1387,24,3,899.0
847,641,22,2,120.0
848,873,19,5,250.0
849,238,25,5,149.0
850,195,7,4,12999.0
851,94,17,1,399.0
852,20,11,1,1299.0
853,284,22,2,120.0
854,1359,23,2,2499.0
855,1326,6,2,13999.0
856,350,11,2,1299.0
857,674,18,5,350.0
858,733,1,4,10.0
859,897,22,3,120.0
860,1274,1,3,10.0
861,550,3,5,50.0
862,191,1,4,10.0
863,764,14,2,799.0
864,702,4,1,15.0
865,375,17,5,399.0
866,234,4,5,15.0
867,821,22,2,120.0
868,820,15,5,1999.0
869,935,12,3,2499.0
870,557,8,2,19990.0
871,790,24,3,899.0
872,1413,10,2,13499.0
873,980,9,1,42999.0
874,864,7,3,12999.0
875,1329,2,2,20.0
876,342,1,5,10.0
877,232,20,5,199.0
878,272,3,4,50.0
879,1426,2,2,20.0
880,1488,20,1,199.0
881,121,22,4,120.0
882,327,7,5,12999.0
883,213,20,1,199.0
884,853,21,2,1799.0
885,1210,4,5,15.0
886,989,23,4,2499.0
887,1166,4,5,15.0
888,1390,3,3,50.0
889,898,20,4,199.0
890,372,5,5,120.0
891,1252,13,4,4599.0
892,778,22,2,120.0
893,735,25,3,149.0
894,1253,21,3,1799.0
895,60,19,5,250.0
896,1402,6,4,13999.0
897,1490,4,4,15.0
898,268,23,4,2499.0
899,990,6,3,13999.0
900,1000,9,5,42999.0
901,232,10,4,13499.0
902,843,15,5,1999.0
903,903,22,1,120.0
904,95,3,2,50.0
905,130,21,2,1799.0
906,536,15,2,1999.0
907,1342,9,4,42999.0
908,644,25,2,149.0
909,26,14,4,799.0
910,1443,23,2,2499.0
911,1389,22,3,120.0
912,1075,25,4,149.0
913,1181,25,4,149.0
914,1483,11,5,1299.0
915,1158,9,2,42999.0
916,459,6,3,13999.0
917,1372,25,3,149.0
918,693,3,5,50.0
919,1064,9,1,42999.0
920,1072,25,2,149.0
921,1410,2,1,20.0
922,1435,13,3,4599.0
923,1267,13,4,4599.0
924,196,11,5,1299.0
925,887,2,3,20.0
926,1356,9,2,42999.0
927,1489,9,5,42999.0
928,510,6,1,13999.0
929,987,15,4,1999.0
930,709,3,5,50.0
931,1360,16,5,60.0
932,1386,7,3,12999.0
933,1314,20,4,199.0
934,789,13,4,4599.0
935,305,6,4,13999.0
936,1144,21,4,1799.0
937,1256,16,4,60.0
938,112,4,3,15.0
939,24,5,4,120.0
940,1318,18,3,350.0
941,322,25,3,149.0
942,1036,14,4,799.0
943,962,7,1,12999.0
944,1016,20,2,199.0
945,339,21,4,1799.0
946,154,4,2,15.0
947,1007,15,3,1999.0
948,657,23,1,2499.0
949,494,9,3,42999.0
950,678,4,1,15.0
951,570,2,3,20.0
952,104,3,5,50.0
953,1039,3,5,50.0
954,457,19,5,250.0
955,1128,24,1,899.0
956,1318,9,3,42999.0
957,776,25,2,149.0
958,826,15,1,1999.0
959,482,1,1,10.0
960,162,16,1,60.0
961,941,5,3,120.0
962,910,21,1,1799.0
963,1174,21,5,1799.0
964,918,1,2,10.0
965,181,2,3,20.0
966,1021,22,2,120.0
967,916,13,3,4599.0
968,648,9,3,42999.0
969,244,5,3,120.0
970,1019,23,3,2499.0
971,1339,11,2,1299.0
972,37,13,5,4599.0
973,211,19,2,250.0
974,827,1,5,10.0
975,845,17,3,399.0
976,74,23,1,2499.0
977,1142,25,3,149.0
978,1125,16,3,60.0
979,1,16,3,60.0
980,187,14,4,799.0
981,1238,13,4,4599.0
982,1268,24,5,899.0
983,1306,25,1,149.0
984,624,3,4,50.0
985,1042,18,5,350.0
986,1152,8,2,19990.0
987,424,1,4,10.0
988,1341,13,2,4599.0
989,1376,23,2,2499.0
990,935,25,2,149.0
991,699,16,4,60.0
992,745,4,2,15.0
993,112,19,5,250.0
994,457,18,5,350.0
995,931,12,5,2499.0
996,680,11,4,1299.0
997,1148,22,4,120.0
998,1270,10,3,13499.0
999,1229,13,1,4599.0
1000,969,2,3,20.0
1001,1468,21,2,1799.0
1002,1346,21,4,1799.0
1003,745,3,4,50.0
1004,1467,12,2,2499.0
1005,927,18,4,350.0
1006,234,11,4,1299.0
1007,200,3,5,50.0
1008,1350,15,1,1999.0
1009,455,25,3,149.0
1010,5,25,2,149.0
1011,700,10,5,13499.0
1012,728,21,2,1799.0
1013,1298,7,3,12999.0
1014,598,6,1,13999.0
1015,1122,18,4,350.0
1016,1070,2,3,20.0
1017,766,13,3,4599.0
1018,1438,22,2,120.0
1019,218,7,4,12999.0
1020,94,10,4,13499.0
1021,337,23,4,2499.0
1022,1009,13,5,4599.0
1023,288,4,3,15.0
1024,1469,21,3,1799.0
1025,1478,23,5,2499.0
1026,839,12,1,2499.0
1027,220,16,5,60.0
1028,521,3,1,50.0
1029,1252,21,2,1799.0
1030,402,15,2,1999.0
1031,385,24,3,899.0
1032,248,7,5,12999.0
1033,805,5,5,120.0
1034,442,2,5,20.0
1035,937,7,5,12999.0
1036,391,1,4,10.0
1037,1468,24,4,899.0
1038,693,19,2,250.0
1039,221,8,4,19990.0
1040,849,16,1,60.0
1041,96,13,5,4599.0
1042,1297,3,4,50.0
1043,1377,18,2,350.0
1044,1206,21,4,1799.0
1045,253,10,1,13499.0
1046,923,16,3,60.0
1047,937,18,5,350.0
1048,1349,15,4,1999.0
1049,1207,1,3,10.0
1050,1033,2,1,20.0
1051,276,11,2,1299.0
1052,1022,2,1,20.0
1053,9,11,5,1299.0
1054,1087,24,2,899.0
1055,100,2,1,20.0
1056,1134,13,5,4599.0
1057,887,4,4,15.0
1058,1199,7,1,12999.0
1059,990,21,2,1799.0
1060,1042,22,2,120.0
1061,363,17,1,399.0
1062,1417,15,4,1999.0
1063,1185,22,3,120.0
1064,356,18,2,350.0
1065,1497,5,2,120.0
1066,263,24,3,899.0
1067,213,19,5,250.0
1068,794,8,1,19990.0
1069,1347,3,4,50.0
1070,1230,2,1,20.0
1071,1242,24,3,899.0
1072,660,5,5,120.0
1073,1033,16,1,60.0
1074,788,21,2,1799.0
1075,858,1,3,10.0
1076,1248,16,4,60.0
1077,1419,20,4,199.0
1078,509,2,2,20.0
1079,561,8,1,19990.0
1080,815,23,2,2499.0
1081,703,21,5,1799.0
1082,603,5,4,120.0
1083,928,1,4,10.0
1084,274,6,1,13999.0
1085,283,21,4,1799.0
1086,846,2,2,20.0
1087,1234,10,2,13499.0
1088,1434,4,2,15.0
1089,1050,15,3,1999.0
1090,613,20,4,199.0
1091,1437,6,4,13999.0
1092,1122,19,2,250.0
1093,643,3,5,50.0
1094,1458,4,5,15.0
1095,1134,4,3,15.0
1096,1296,16,5,60.0
1097,446,20,2,199.0
1098,412,20,5,199.0
1099,430,8,4,19990.0
1100,1279,3,3,50.0
1101,1464,7,2,12999.0
1102,596,14,1,799.0
1103,1407,11,2,1299.0
1104,708,24,4,899.0
1105,1378,22,1,120.0
1106,272,13,4,4599.0
1107,1455,11,5,1299.0
1108,1332,4,2,15.0
1109,365,22,5,120.0
1110,1032,19,3,250.0
1111,1112,18,5,350.0
1112,1422,5,4,120.0
1113,1305,11,4,1299.0
1114,661,7,4,12999.0
1115,1455,25,5,149.0
1116,237,2,1,20.0
1117,722,19,1,250.0
1118,1152,6,3,13999.0
1119,984,11,4,1299.0
1120,1194,3,3,50.0
1121,1169,4,3,15.0
1122,1367,9,4,42999.0
1123,1455,5,5,120.0
1124,855,25,2,149.0
1125,1381,14,4,799.0
1126,1094,6,2,13999.0
1127,586,23,2,2499.0
1128,866,12,5,2499.0
1129,27,18,4,350.0
1130,1071,6,4,13999.0
1131,219,15,4,1999.0
1132,52,8,2,19990.0
1133,781,19,5,250.0
1134,298,2,1,20.0
1135,109,5,4,120.0
1136,1373,4,1,15.0
1137,116,21,2,1799.0
1138,410,20,2,199.0
1139,547,13,3,4599.0
1140,330,25,5,149.0
1141,587,6,3,13999.0
1142,1400,1,1,10.0
1143,514,16,2,60.0
1144,300,3,4,50.0
1145,128,1,4,10.0
1146,1415,1,5,10.0
1147,605,6,1,13999.0
1148,418,3,3,50.0
1149,1109,23,1,2499.0
1150,67,21,1,1799.0
1151,735,19,5,250.0
1152,927,10,3,13499.0
1153,210,14,4,799.0
1154,1262,23,4,2499.0
1155,1384,25,2,149.0
1156,1151,16,3,60.0
1157,460,23,2,2499.0
1158,1326,5,5,120.0
1159,1150,7,1,12999.0
1160,797,5,4,120.0
1161,487,21,1,1799.0
1162,1047,9,1,42999.0
1163,1426,17,4,399.0
1164,590,15,4,1999.0
1165,1420,14,3,799.0
1166,1361,8,4,19990.0
1167,97,6,2,13999.0
1168,782,20,4,199.0
1169,794,23,1,2499.0
1170,854,2,1,20.0
1171,1404,20,3,199.0
1172,641,6,1,13999.0
1173,1131,23,2,2499.0
1174,111,16,3,60.0
1175,27,20,4,199.0
1176,515,3,4,50.0
1177,416,21,4,1799.0
1178,1271,10,1,13499.0
1179,908,12,1,2499.0
1180,462,14,5,799.0
1181,1298,1,2,10.0
1182,1444,18,4,350.0
1183,1454,8,2,19990.0
1184,1327,7,4,12999.0
1185,754,4,3,15.0
1186,1206,17,2,399.0
1187,1120,4,2,15.0
1188,1236,20,1,199.0
1189,403,12,5,2499.0
1190,1485,25,1,149.0
1191,397,18,2,350.0
1192,603,17,3,399.0
1193,920,8,1,19990.0
1194,364,15,5,1999.0
1195,1399,25,4,149.0
1196,153,21,2,1799.0
1197,383,22,1,120.0
1198,356,7,1,12999.0
1199,1053,9,3,42999.0
1200,245,2,2,20.0
1201,773,7,4,12999.0
1202,84,4,3,15.0
1203,878,5,2,120.0
1204,572,22,2,120.0
1205,1140,16,1,60.0
1206,542,16,5,60.0
1207,267,6,2,13999.0
1208,330,6,4,13999.0
1209,1197,22,1,120.0
1210,523,2,5,20.0
1211,12,2,1,20.0
1212,677,21,4,1799.0
1213,956,12,3,2499.0
1214,1454,10,4,13499.0
1215,318,7,1,12999.0
1216,82,14,5,799.0
1217,315,9,1,42999.0
1218,661,11,1,1299.0
1219,1223,20,4,199.0
1220,105,25,2,149.0
1221,1281,15,2,1999.0
1222,1261,2,3,20.0
1223,1356,4,2,15.0
1224,617,24,2,899.0
1225,1005,2,1,20.0
1226,1173,18,1,350.0
1227,1127,6,4,13999.0
1228,734,6,1,13999.0
1229,150,1,1,10.0
1230,1450,16,3,60.0
1231,651,17,2,399.0
1232,1077,4,1,15.0
1233,451,3,2,50.0
1234,377,8,1,19990.0
1235,1067,24,2,899.0
1236,140,15,2,1999.0
1237,1035,19,1,250.0
1238,327,19,4,250.0
1239,852,11,5,1299.0
1240,1113,14,1,799.0
1241,1100,7,3,12999.0
1242,827,24,3,899.0
1243,189,22,5,120.0
1244,716,11,2,1299.0
1245,454,8,5,19990.0
1246,437,25,2,149.0
1247,1359,4,5,15.0
1248,680,11,4,1299.0
1249,679,8,4,19990.0
1250,739,4,1,15.0
1251,602,8,2,19990.0
1252,448,24,2,899.0
1253,1267,14,1,799.0
1254,1087,7,3,12999.0
1255,973,13,3,4599.0
1256,1150,8,2,19990.0
1257,1330,3,1,50.0
1258,19,16,4,60.0
1259,235,19,3,250.0
1260,1370,16,1,60.0
1261,709,2,4,20.0
1262,913,14,2,799.0
1263,493,5,4,120.0
1264,1316,7,2,12999.0
1265,1257,20,1,199.0
1266,1273,15,3,1999.0
1267,500,6,5,13999.0
1268,82,13,3,4599.0
1269,1398,12,1,2499.0
1270,658,5,1,120.0
1271,782,15,2,1999.0
1272,233,24,4,899.0
1273,791,7,3,12999.0
1274,526,21,5,1799.0
1275,1107,12,4,2499.0
1276,1483,9,1,42999.0
1277,580,7,5,12999.0
1278,51,11,5,1299.0
1279,1059,5,2,120.0
1280,768,2,3,20.0
1281,1054,23,1,2499.0
1282,1042,19,5,250.0
1283,913,2,3,20.0
1284,997,9,4,42999.0
1285,90,5,2,120.0
1286,608,4,3,15.0
1287,1335,15,2,1999.0
1288,395,15,3,1999.0
1289,657,14,4,799.0
1290,1053,6,1,13999.0
1291,169,25,3,149.0
1292,197,11,1,1299.0
1293,343,8,5,19990.0
1294,1102,10,5,13499.0
1295,1093,20,4,199.0
1296,16,6,4,13999.0
1297,1284,21,5,1799.0
1298,135,20,2,199.0
1299,432,6,5,13999.0
1300,1373,19,5,250.0
1301,1290,18,1,350.0
1302,437,8,2,19990.0
1303,1404,3,1,50.0
1304,869,14,5,799.0
1305,213,17,1,399.0
1306,422,16,3,60.0
1307,1102,7,2,12999.0
1308,1440,19,4,250.0
1309,892,16,2,60.0
1310,1325,15,5,1999.0
1311,148,9,1,42999.0
1312,1406,1,1,10.0
1313,315,24,2,899.0
1314,49,14,3,799.0
1315,941,24,4,899.0
1316,1469,8,3,19990.0
1317,680,8,2,19990.0
1318,78,11,2,1299.0
1319,180,14,4,799.0
1320,151,19,2,250.0
1321,112,8,1,19990.0
1322,365,19,2,250.0
1323,516,5,5,120.0
1324,1143,19,4,250.0
1325,145,1,3,10.0
1326,1178,14,2,799.0
1327,467,2,3,20.0
1328,530,2,3,20.0
1329,835,16,1,60.0
1330,795,24,5,899.0
1331,924,25,4,149.0
1332,1291,17,3,399.0
1333,829,2,1,20.0
1334,887,14,2,799.0
1335,648,17,3,399.0
1336,35,13,3,4599.0
1337,798,16,2,60.0
1338,1379,23,2,2499.0
1339,243,4,5,15.0
1340,1096,15,1,1999.0
1341,13,16,2,60.0
1342,1314,8,2,19990.0
1343,1476,3,5,50.0
1344,1267,18,4,350.0
1345,130,25,5,149.0
1346,1200,1,3,10.0
1347,94,23,2,2499.0
1348,1436,24,4,899.0
1349,149,14,1,799.0
1350,733,7,1,12999.0
1351,1030,5,4,120.0
1352,218,12,1,2499.0
1353,594,10,2,13499.0
1354,1405,8,1,19990.0
1355,618,21,2,1799.0
1356,1243,3,2,50.0
1357,178,1,2,10.0
1358,577,16,1,60.0
1359,897,22,2,120.0
1360,782,10,5,13499.0
1361,810,6,5,13999.0
1362,1354,23,2,2499.0
1363,64,15,2,1999.0
1364,971,19,5,250.0
1365,321,24,1,899.0
1366,1093,19,4,250.0
1367,451,1,4,10.0
1368,280,15,3,1999.0
1369,801,15,2,1999.0
1370,1118,25,2,149.0
1371,605,5,2,120.0
1372,1299,23,4,2499.0
1373,296,13,2,4599.0
1374,611,6,5,13999.0
1375,1388,12,2,2499.0
1376,1494,21,3,1799.0
1377,1327,15,3,1999.0
1378,765,23,5,2499.0
1379,23,21,4,1799.0
1380,1134,1,2,10.0
1381,1137,21,3,1799.0
1382,290,3,4,50.0
1383,253,13,1,4599.0
1384,86,23,3,2499.0
1385,11,11,4,1299.0
1386,1173,17,4,399.0
1387,1222,2,2,20.0
1388,808,10,4,13499.0
1389,1101,14,4,799.0
1390,1122,25,4,149.0
1391,175,9,5,42999.0
1392,625,23,5,2499.0
1393,431,20,4,199.0
1394,1487,18,2,350.0
1395,705,19,4,250.0
1396,434,7,1,12999.0
1397,846,22,4,120.0
1398,1323,3,4,50.0
1399,1050,20,1,199.0
1400,292,11,3,1299.0
1401,330,24,5,899.0
1402,377,2,5,20.0
1403,453,17,2,399.0
1404,1264,22,5,120.0
1405,518,12,2,2499.0
1406,398,2,3,20.0
1407,235,4,4,15.0
1408,372,13,4,4599.0
1409,1375,12,3,2499.0
1410,1162,15,4,1999.0
1411,112,20,3,199.0
1412,1125,2,4,20.0
1413,945,12,5,2499.0
1414,1321,12,5,2499.0
1415,1126,6,4,13999.0
1416,150,21,1,1799.0
1417,596,18,3,350.0
1418,1376,23,2,2499.0
1419,138,3,4,50.0
1420,514,18,2,350.0
1421,202,23,2,2499.0
1422,405,25,2,149.0
1423,1487,7,1,12999.0
1424,1190,5,1,120.0
1425,998,11,5,1299.0
1426,678,8,3,19990.0
1427,732,18,4,350.0
1428,263,4,4,15.0
1429,1375,21,4,1799.0
1430,1343,16,4,60.0
1431,481,24,3,899.0
1432,205,25,4,149.0
1433,584,19,4,250.0
1434,1269,23,3,2499.0
1435,143,7,5,12999.0
1436,397,25,1,149.0
1437,651,24,4,899.0
1438,996,25,1,149.0
1439,923,8,1,19990.0
1440,673,11,4,1299.0
1441,1263,12,5,2499.0
1442,1351,9,2,42999.0
1443,627,17,2,399.0
1444,1421,22,4,120.0
1445,1197,14,3,799.0
1446,313,9,3,42999.0
1447,1159,2,5,20.0
1448,1161,3,4,50.0
1449,747,12,3,2499.0
1450,648,12,1,2499.0
1451,878,15,4,1999.0
1452,346,16,4,60.0
1453,10,17,2,399.0
1454,642,17,2,399.0
1455,505,4,4,15.0
1456,454,16,1,60.0
1457,1459,23,3,2499.0
1458,1313,18,1,350.0
1459,894,22,2,120.0
1460,567,18,3,350.0
1461,737,10,5,13499.0
1462,276,15,4,1999.0
1463,1392,20,2,199.0
1464,680,12,3,2499.0
1465,983,22,2,120.0
1466,948,23,5,2499.0
1467,913,3,5,50.0
1468,735,7,2,12999.0
1469,626,15,1,1999.0
1470,998,3,1,50.0
1471,1130,3,1,50.0
1472,223,13,4,4599.0
1473,360,6,4,13999.0
1474,1323,10,5,13499.0
1475,1243,3,1,50.0
1476,168,4,5,15.0
1477,575,6,2,13999.0
1478,287,9,4,42999.0
1479,1104,4,2,15.0
1480,403,23,4,2499.0
1481,540,5,3,120.0
1482,1284,16,3,60.0
1483,157,5,5,120.0
1484,1490,7,5,12999.0
1485,155,17,4,399.0
1486,39,21,5,1799.0
1487,1039,1,3,10.0
1488,1294,10,4,13499.0
1489,64,14,1,799.0
1490,1192,22,1,120.0
1491,1186,18,5,350.0
1492,830,5,3,120.0
1493,1209,16,2,60.0
1494,436,12,3,2499.0
1495,76,14,2,799.0
1496,1130,15,4,1999.0
1497,534,24,3,899.0
1498,1114,21,1,1799.0
1499,1106,1,2,10.0
1500,967,10,4,13499.0
1501,1340,7,1,12999.0
1502,305,3,1,50.0
1503,750,1,1,10.0
1504,804,8,4,19990.0
1505,458,17,5,399.0
1506,1208,21,4,1799.0
1507,596,11,3,1299.0
1508,275,14,4,799.0
1509,952,19,2,250.0
1510,1027,11,2,1299.0
1511,1046,21,3,1799.0
1512,186,21,2,1799.0
1513,813,11,2,1299.0
1514,746,16,2,60.0
1515,1029,19,4,250.0
1516,22,22,2,120.0
1517,1358,23,5,2499.0
1518,490,17,1,399.0
1519,1258,18,4,350.0
1520,1402,15,5,1999.0
1521,340,15,2,1999.0
1522,1053,10,2,13499.0
1523,288,19,2,250.0
1524,914,5,1,120.0
1525,327,10,2,13499.0
1526,367,6,2,13999.0
1527,1160,9,3,42999.0
1528,1159,8,4,19990.0
1529,1351,16,4,60.0
1530,300,12,5,2499.0
1531,1500,10,1,13499.0
1532,991,25,2,149.0
1533,735,2,1,20.0
1534,83,5,3,120.0
1535,449,12,1,2499.0
1536,999,10,4,13499.0
1537,475,15,1,1999.0
1538,129,6,3,13999.0
1539,542,20,1,199.0
1540,757,6,3,13999.0
1541,480,23,1,2499.0
1542,88,18,5,350.0
1543,1370,10,2,13499.0
1544,424,6,4,13999.0
1545,1061,6,4,13999.0
1546,740,23,1,2499.0
1547,795,23,1,2499.0
1548,962,22,1,120.0
1549,932,5,3,120.0
1550,96,6,1,13999.0
1551,82,8,5,19990.0
1552,1329,4,1,15.0
1553,664,2,1,20.0
1554,212,11,2,1299.0
1555,1442,19,5,250.0
1556,1068,5,1,120.0
1557,1298,15,4,1999.0
1558,561,9,5,42999.0
1559,540,12,5,2499.0
1560,1186,6,3,13999.0
1561,1115,7,4,12999.0
1562,1168,18,4,350.0
1563,357,23,3,2499.0
1564,772,2,5,20.0
1565,1339,22,4,120.0
1566,776,11,3,1299.0
1567,749,12,3,2499.0
1568,1204,5,3,120.0
1569,1339,12,3,2499.0
1570,160,15,2,1999.0
1571,1059,18,3,350.0
1572,516,6,4,13999.0
1573,771,18,4,350.0
1574,457,10,5,13499.0
1575,1058,4,1,15.0
1576,832,1,3,10.0
1577,723,13,3,4599.0
1578,707,16,1,60.0
1579,998,25,1,149.0
1580,988,5,4,120.0
1581,1238,15,4,1999.0
1582,14,11,2,1299.0
1583,1028,5,1,120.0
1584,285,1,5,10.0
1585,901,24,1,899.0
1586,340,18,5,350.0
1587,472,17,3,399.0
1588,158,11,2,1299.0
1589,1054,21,3,1799.0
1590,1318,23,4,2499.0
1591,576,10,5,13499.0
1592,434,16,4,60.0
1593,308,10,5,13499.0
1594,383,25,4,149.0
1595,323,19,2,250.0
1596,742,22,1,120.0
1597,1233,5,3,120.0
1598,1470,19,1,250.0
1599,243,24,3,899.0
1600,1354,15,1,1999.0
1601,472,11,3,1299.0
1602,850,23,4,2499.0
1603,677,4,2,15.0
1604,1476,24,5,899.0
1605,233,16,4,60.0
1606,987,2,4,20.0
1607,1383,5,5,120.0
1608,981,22,1,120.0
1609,982,18,3,350.0
1610,432,4,4,15.0
1611,1210,10,4,13499.0
1612,331,1,1,10.0
1613,1326,13,4,4599.0
1614,842,20,3,199.0
1615,46,8,5,19990.0
1616,500,15,2,1999.0
1617,89,12,2,2499.0
1618,262,3,5,50.0
1619,1175,11,5,1299.0
1620,1214,2,5,20.0
1621,330,20,1,199.0
1622,276,21,2,1799.0
1623,1290,7,4,12999.0
1624,1050,19,1,250.0
1625,81,17,3,399.0
1626,1173,8,5,19990.0
1627,301,25,4,149.0
1628,115,9,2,42999.0
1629,341,7,4,12999.0
1630,529,1,1,10.0
1631,369,3,4,50.0
1632,1059,18,5,350.0
1633,831,15,2,1999.0
1634,1228,22,2,120.0
1635,1155,22,2,120.0
1636,1306,3,2,50.0
1637,39,17,1,399.0
1638,1474,13,1,4599.0
1639,1491,7,4,12999.0
1640,1356,16,1,60.0
1641,581,11,2,1299.0
1642,176,20,3,199.0
1643,444,20,4,199.0
1644,920,17,3,399.0
1645,1243,2,2,20.0
1646,966,22,3,120.0
1647,987,12,4,2499.0
1648,350,13,1,4599.0
1649,450,5,2,120.0
1650,842,23,5,2499.0
1651,1231,14,4,799.0
1652,293,12,1,2499.0
1653,1194,13,3,4599.0
1654,373,12,2,2499.0
1655,1277,1,5,10.0
1656,1351,10,5,13499.0
1657,1047,12,1,2499.0
1658,542,12,3,2499.0
1659,344,10,4,13499.0
1660,1484,15,4,1999.0
1661,1405,18,5,350.0
1662,702,3,4,50.0
1663,929,7,2,12999.0
1664,1222,24,2,899.0
1665,1210,15,3,1999.0
1666,141,24,1,899.0
1667,471,14,3,799.0
1668,775,15,1,1999.0
1669,790,10,1,13499.0
1670,271,6,1,13999.0
1671,223,24,3,899.0
1672,34,14,5,799.0
1673,415,24,2,899.0
1674,1071,14,1,799.0
1675,1033,5,5,120.0
1676,1402,19,3,250.0
1677,860,20,2,199.0
1678,307,3,3,50.0
1679,1241,5,4,120.0
1680,198,7,5,12999.0
1681,364,10,1,13499.0
1682,975,16,3,60.0
1683,1260,17,1,399.0
1684,1229,11,5,1299.0
1685,80,3,5,50.0
1686,1089,19,2,250.0
1687,1031,25,4,149.0
1688,241,13,4,4599.0
1689,191,3,3,50.0
1690,988,1,3,10.0
1691,1351,14,2,799.0
1692,267,21,5,1799.0
1693,1236,9,5,42999.0
1694,1105,14,5,799.0
1695,3,6,2,13999.0
1696,1390,18,1,350.0
1697,1330,15,4,1999.0
1698,884,23,1,2499.0
1699,1070,19,5,250.0
1700,862,25,4,149.0
1701,759,5,3,120.0
1702,89,7,2,12999.0
1703,1429,6,3,13999.0
1704,1086,13,2,4599.0
1705,879,10,4,13499.0
1706,470,18,4,350.0
1707,988,16,2,60.0
1708,781,2,5,20.0
1709,718,10,3,13499.0
1710,1207,19,2,250.0
1711,1427,10,1,13499.0
1712,1180,16,5,60.0
1713,201,18,3,350.0
1714,872,24,3,899.0
1715,275,15,5,1999.0
1716,522,8,1,19990.0
1717,978,1,3,10.0
1718,477,1,5,10.0
1719,172,5,4,120.0
1720,581,9,2,42999.0
1721,1226,10,4,13499.0
1722,1114,21,3,1799.0
1723,837,21,4,1799.0
1724,528,16,1,60.0
1725,388,4,3,15.0
1726,12,21,2,1799.0
1727,1453,22,2,120.0
1728,15,10,2,13499.0
1729,1184,14,1,799.0
1730,1071,6,2,13999.0
1731,242,16,4,60.0
1732,1065,23,4,2499.0
1733,15,21,3,1799.0
1734,769,8,2,19990.0
1735,1341,1,1,10.0
1736,421,4,5,15.0
1737,1409,25,4,149.0
1738,647,9,3,42999.0
1739,838,16,4,60.0
1740,742,3,4,50.0
1741,219,20,3,199.0
1742,317,24,4,899.0
1743,873,12,4,2499.0
1744,1335,19,1,250.0
1745,1199,16,5,60.0
1746,520,19,3,250.0
1747,536,14,3,799.0
1748,1098,9,2,42999.0
1749,868,21,5,1799.0
1750,1157,22,4,120.0
1751,749,16,1,60.0
1752,1254,23,2,2499.0
1753,565,4,3,15.0
1754,1394,12,5,2499.0
1755,814,17,1,399.0
1756,418,24,3,899.0
1757,847,19,4,250.0
1758,1131,1,2,10.0
1759,1142,9,5,42999.0
1760,989,6,2,13999.0
1761,367,19,4,250.0
1762,759,2,4,20.0
1763,1146,5,3,120.0
1764,1137,11,2,1299.0
1765,991,15,2,1999.0
1766,520,23,2,2499.0
1767,629,5,2,120.0
1768,1184,12,1,2499.0
1769,706,6,3,13999.0
1770,1445,2,5,20.0
1771,816,9,1,42999.0
1772,283,12,2,2499.0
1773,1351,14,4,799.0
1774,244,21,4,1799.0
1775,471,12,2,2499.0
1776,915,2,1,20.0
1777,1433,10,1,13499.0
1778,332,10,3,13499.0
1779,206,17,4,399.0
1780,440,21,2,1799.0
1781,1042,3,1,50.0
1782,821,17,1,399.0
1783,694,7,5,12999.0
1784,1128,25,3,149.0
1785,1258,21,5,1799.0
1786,1428,6,4,13999.0
1787,1402,25,2,149.0
1788,1448,4,4,15.0
1789,107,20,2,199.0
1790,330,25,1,149.0
1791,797,6,1,13999.0
1792,1303,18,2,350.0
1793,11,11,4,1299.0
1794,187,11,4,1299.0
1795,298,22,3,120.0
1796,966,10,5,13499.0
1797,1230,9,2,42999.0
1798,892,22,4,120.0
1799,181,23,1,2499.0
1800,132,23,4,2499.0
1801,539,12,4,2499.0
1802,455,4,3,15.0
1803,760,18,4,350.0
1804,164,19,3,250.0
1805,1248,12,1,2499.0
1806,78,5,1,120.0
1807,1484,1,1,10.0
1808,788,5,1,120.0
1809,821,17,1,399.0
1810,1258,10,4,13499.0
1811,1344,12,5,2499.0
1812,1068,25,2,149.0
1813,587,16,1,60.0
1814,1458,14,5,799.0
1815,1224,11,5,1299.0
1816,118,6,5,13999.0
1817,359,4,4,15.0
1818,1312,7,3,12999.0
1819,1013,5,1,120.0
1820,900,17,5,399.0
1821,22,8,2,19990.0
1822,414,7,4,12999.0
1823,1346,18,4,350.0
1824,1062,20,4,199.0
1825,586,23,3,2499.0
1826,399,17,5,399.0
1827,69,18,2,350.0
1828,1228,23,1,2499.0
1829,1046,18,3,350.0
1830,1057,23,1,2499.0
1831,1431,25,5,149.0
1832,475,4,2,15.0
1833,1260,14,4,799.0
1834,348,15,1,1999.0
1835,1381,3,4,50.0
1836,74,4,5,15.0
1837,737,5,5,120.0
1838,490,1,5,10.0
1839,1342,16,4,60.0
1840,1,12,1,2499.0
1841,323,10,5,13499.0
1842,178,23,5,2499.0
1843,566,12,5,2499.0
1844,819,5,1,120.0
1845,724,15,2,1999.0
1846,1372,20,1,199.0
1847,810,17,2,399.0
1848,831,25,5,149.0
1849,1201,11,2,1299.0
1850,411,6,1,13999.0
1851,1061,23,5,2499.0
1852,32,10,4,13499.0
1853,1442,1,3,10.0
1854,141,24,1,899.0
1855,185,4,1,15.0
1856,1126,8,2,19990.0
1857,583,5,5,120.0
1858,1488,23,2,2499.0
1859,1146,5,2,120.0
1860,1194,23,1,2499.0
1861,713,8,5,19990.0
1862,712,10,3,13499.0
1863,567,5,1,120.0
1864,464,7,1,12999.0
1865,1242,5,1,120.0
1866,399,3,5,50.0
1867,932,14,3,799.0
1868,828,23,3,2499.0
1869,1178,25,5,149.0
1870,10,4,2,15.0
1871,535,3,4,50.0
1872,359,1,1,10.0
1873,834,25,2,149.0
1874,1037,16,3,60.0
1875,219,25,1,149.0
1876,1145,14,5,799.0
1877,149,2,3,20.0
1878,1031,7,5,12999.0
1879,603,4,4,15.0
1880,697,2,2,20.0
1881,240,22,5,120.0
1882,1052,17,4,399.0
1883,528,19,3,250.0
1884,1102,2,5,20.0
1885,1178,16,3,60.0
1886,513,4,5,15.0
1887,1422,9,5,42999.0
1888,907,2,5,20.0
1889,773,3,2,50.0
1890,1154,10,1,13499.0
1891,991,22,1,120.0
1892,499,1,2,10.0
1893,696,25,1,149.0
1894,940,4,2,15.0
1895,1396,4,2,15.0
1896,944,20,3,199.0
1897,1202,7,2,12999.0
1898,57,19,2,250.0
1899,988,7,5,12999.0
1900,239,6,5,13999.0
1901,529,22,2,120.0
1902,139,12,5,2499.0
1903,784,1,3,10.0
1904,1298,3,3,50.0
1905,452,5,2,120.0
1906,1387,24,5,899.0
1907,1437,9,4,42999.0
1908,471,19,1,250.0
1909,647,12,5,2499.0
1910,845,12,3,2499.0
1911,724,6,3,13999.0
1912,1058,17,4,399.0
1913,1098,25,2,149.0
1914,20,24,4,899.0
1915,1436,20,4,199.0
1916,540,8,1,19990.0
1917,509,17,3,399.0
1918,589,19,4,250.0
1919,191,3,2,50.0
1920,818,4,5,15.0
1921,1380,19,2,250.0
1922,701,25,1,149.0
1923,156,1,3,10.0
1924,1136,17,2,399.0
1925,366,7,3,12999.0
1926,976,23,5,2499.0
1927,643,7,5,12999.0
1928,725,10,5,13499.0
1929,448,6,2,13999.0
1930,1175,25,4,149.0
1931,552,18,2,350.0
1932,375,1,3,10.0
1933,1400,24,4,899.0
1934,390,4,4,15.0
1935,1022,7,1,12999.0
1936,409,17,5,399.0
1937,481,23,2,2499.0
1938,496,16,1,60.0
1939,544,12,3,2499.0
1940,424,23,1,2499.0
1941,470,19,5,250.0
1942,416,6,1,13999.0
1943,512,15,5,1999.0
1944,1267,22,4,120.0
1945,730,4,1,15.0
1946,320,6,3,13999.0
1947,219,12,1,2499.0
1948,246,13,3,4599.0
1949,161,14,3,799.0
1950,1385,7,3,12999.0
1951,1359,17,2,399.0
1952,1009,8,2,19990.0
1953,1258,14,3,799.0
1954,14,4,1,15.0
1955,1109,25,1,149.0
1956,87,11,4,1299.0
1957,988,4,2,15.0
1958,761,15,4,1999.0
1959,1272,4,1,15.0
1960,646,17,1,399.0
1961,1009,5,2,120.0
1962,1177,16,5,60.0
1963,563,25,3,149.0
1964,1006,12,5,2499.0
1965,375,23,4,2499.0
1966,1047,10,1,13499.0
1967,574,18,5,350.0
1968,815,24,3,899.0
1969,455,2,5,20.0
1970,1182,3,3,50.0
1971,263,11,5,1299.0
1972,111,16,3,60.0
1973,1077,4,5,15.0
1974,867,13,1,4599.0
1975,980,10,1,13499.0
1976,1108,15,2,1999.0
1977,67,20,3,199.0
1978,1030,24,4,899.0
1979,712,10,2,13499.0
1980,807,22,3,120.0
1981,1406,15,5,1999.0
1982,358,8,5,19990.0
1983,937,18,5,350.0
1984,247,14,4,799.0
1985,1431,10,4,13499.0
1986,1062,14,5,799.0
1987,943,7,2,12999.0
1988,647,3,3,50.0
1989,1412,16,1,60.0
1990,18,22,5,120.0
1991,25,12,2,2499.0
1992,1381,6,2,13999.0
1993,432,1,2,10.0
1994,778,22,4,120.0
1995,1190,16,5,60.0
1996,207,22,3,120.0
1997,667,4,1,15.0
1998,741,13,3,4599.0
1999,1255,15,2,1999.0
2000,532,17,5,399.0
2001,384,22,4,120.0
2002,1124,22,4,120.0
2003,539,3,2,50.0
2004,486,4,4,15.0
2005,552,5,3,120.0
2006,966,13,4,4599.0
2007,1256,13,5,4599.0
2008,703,23,3,2499.0
2009,750,19,3,250.0
2010,377,4,4,15.0
2011,1022,24,5,899.0
2012,869,6,2,13999.0
2013,432,3,3,50.0
2014,859,12,1,2499.0
2015,1436,7,3,12999.0
2016,763,11,4,1299.0
2017,748,7,3,12999.0
2018,821,20,1,199.0
2019,573,13,1,4599.0
2020,924,4,1,15.0
2021,369,8,2,19990.0
2022,1171,14,1,799.0
2023,269,24,2,899.0
2024,1180,16,5,60.0
2025,1405,9,1,42999.0
2026,469,25,1,149.0
2027,205,23,3,2499.0
2028,1477,25,5,149.0
2029,553,19,4,250.0
2030,483,19,1,250.0
2031,1138,9,4,42999.0
2032,886,25,5,149.0
2033,781,21,2,1799.0
2034,402,13,4,4599.0
2035,299,12,4,2499.0
2036,307,16,5,60.0
2037,969,22,5,120.0
2038,20,20,1,199.0
2039,362,13,4,4599.0
2040,864,16,1,60.0
2041,1024,17,5,399.0
2042,276,9,2,42999.0
2043,1292,5,1,120.0
2044,1059,25,4,149.0
2045,1094,15,5,1999.0
2046,1476,4,3,15.0
2047,647,4,2,15.0
2048,997,9,5,42999.0
2049,615,16,5,60.0
2050,514,16,1,60.0
2051,1152,8,5,19990.0
2052,1163,21,4,1799.0
2053,98,5,2,120.0
2054,816,1,5,10.0
2055,203,4,2,15.0
2056,1415,24,2,899.0
2057,335,2,1,20.0
2058,123,3,3,50.0
2059,442,16,2,60.0
2060,521,22,5,120.0
2061,976,1,3,10.0
2062,1290,6,1,13999.0
2063,198,13,4,4599.0
2064,922,20,4,199.0
2065,686,22,4,120.0
2066,533,11,2,1299.0
2067,740,5,3,120.0
2068,738,10,1,13499.0
2069,1148,20,3,199.0
2070,1142,20,2,199.0
2071,528,4,5,15.0
2072,705,25,1,149.0
2073,41,3,3,50.0
2074,844,22,3,120.0
2075,249,25,4,149.0
2076,720,17,3,399.0
2077,1392,25,3,149.0
2078,1241,16,2,60.0
2079,408,15,1,1999.0
2080,1182,7,5,12999.0
2081,1180,10,4,13499.0
2082,1331,22,2,120.0
2083,1330,16,3,60.0
2084,1103,16,5,60.0
2085,358,17,1,399.0
2086,583,9,4,42999.0
2087,728,18,5,350.0
2088,666,11,4,1299.0
2089,1379,18,1,350.0
2090,1046,18,3,350.0
2091,999,1,1,10.0
2092,916,25,5,149.0
2093,161,2,4,20.0
2094,781,14,3,799.0
2095,1257,4,3,15.0
2096,587,13,3,4599.0
2097,950,15,1,1999.0
2098,1294,11,1,1299.0
2099,297,13,3,4599.0
2100,344,15,2,1999.0
2101,1312,15,4,1999.0
2102,691,2,3,20.0
2103,864,2,1,20.0
2104,1293,6,1,13999.0
2105,1255,18,4,350.0
2106,1171,22,4,120.0
2107,829,25,2,149.0
2108,147,10,1,13499.0
2109,163,23,5,2499.0
2110,332,6,5,13999.0
2111,704,16,2,60.0
2112,468,14,4,799.0
2113,643,5,1,120.0
2114,649,10,4,13499.0
2115,1338,23,1,2499.0
2116,597,13,2,4599.0
2117,1455,16,3,60.0
2118,548,25,2,149.0
2119,1240,4,4,15.0
2120,1321,19,4,250.0
2121,810,22,3,120.0
2122,556,16,3,60.0
2123,912,22,3,120.0
2124,744,18,4,350.0
2125,1203,22,2,120.0
2126,1067,18,5,350.0
2127,923,19,3,250.0
2128,848,16,1,60.0
2129,343,16,4,60.0
2130,377,18,4,350.0
2131,48,6,2,13999.0
2132,257,17,2,399.0
2133,1491,2,3,20.0
2134,481,13,4,4599.0
2135,1356,9,1,42999.0
2136,516,16,3,60.0
2137,1436,19,2,250.0
2138,164,13,1,4599.0
2139,432,20,2,199.0
2140,342,22,3,120.0
2141,814,12,1,2499.0
2142,211,25,2,149.0
2143,196,10,4,13499.0
2144,131,11,4,1299.0
2145,970,2,3,20.0
2146,1124,1,1,10.0
2147,111,19,2,250.0
2148,54,2,2,20.0
2149,814,5,4,120.0
2150,1074,12,3,2499.0
2151,171,12,1,2499.0
2152,213,24,4,899.0
2153,538,19,4,250.0
2154,1266,1,5,10.0
2155,319,25,4,149.0
2156,173,21,2,1799.0
2157,1342,11,3,1299.0
2158,799,13,4,4599.0
2159,634,4,5,15.0
2160,470,14,4,799.0
2161,507,12,2,2499.0
2162,582,12,1,2499.0
2163,908,14,1,799.0
2164,1284,12,1,2499.0
2165,259,2,2,20.0
2166,269,22,2,120.0
2167,1079,8,3,19990.0
2168,350,8,5,19990.0
2169,59,8,1,19990.0
2170,72,21,2,1799.0
2171,1359,10,1,13499.0
2172,731,19,3,250.0
2173,667,3,4,50.0
2174,976,23,5,2499.0
2175,957,3,1,50.0
2176,1108,10,4,13499.0
2177,558,4,4,15.0
2178,1124,11,3,1299.0
2179,912,6,3,13999.0
2180,277,1,4,10.0
2181,1429,18,1,350.0
2182,1105,11,4,1299.0
2183,363,2,2,20.0
2184,1211,15,5,1999.0
2185,1224,22,2,120.0
2186,936,14,5,799.0
2187,1293,19,2,250.0
2188,1303,17,2,399.0
2189,1156,14,3,799.0
2190,891,9,1,42999.0
2191,1073,1,3,10.0
2192,1311,23,2,2499.0
2193,1310,16,4,60.0
2194,1094,19,2,250.0
2195,635,1,4,10.0
2196,712,11,1,1299.0
2197,987,13,5,4599.0
2198,1106,19,5,250.0
2199,466,13,2,4599.0
2200,184,11,2,1299.0
2201,905,19,5,250.0
2202,631,4,2,15.0
2203,750,16,2,60.0
2204,845,4,1,15.0
2205,533,23,2,2499.0
2206,319,22,4,120.0
2207,622,7,1,12999.0
2208,22,11,3,1299.0
2209,1,16,2,60.0
2210,1072,17,2,399.0
2211,280,25,4,149.0
2212,705,22,1,120.0
2213,588,11,5,1299.0
2214,961,6,2,13999.0
2215,1096,20,1,199.0
2216,18,10,1,13499.0
2217,1409,12,4,2499.0
2218,1008,14,4,799.0
2219,978,7,5,12999.0
2220,614,16,3,60.0
2221,19,21,2,1799.0
2222,882,3,2,50.0
2223,600,18,3,350.0
2224,1223,7,4,12999.0
2225,474,10,4,13499.0
2226,15,9,1,42999.0
2227,1123,2,5,20.0
2228,766,10,4,13499.0
2229,387,19,1,250.0
2230,844,13,3,4599.0
2231,1149,8,1,19990.0
2232,896,20,3,199.0
2233,809,24,3,899.0
2234,512,3,3,50.0
2235,335,23,3,2499.0
2236,1465,19,4,250.0
2237,1323,4,2,15.0
2238,799,19,3,250.0
2239,775,11,1,1299.0
2240,452,9,2,42999.0
2241,539,3,1,50.0
2242,163,19,1,250.0
2243,865,17,1,399.0
2244,1281,16,3,60.0
2245,491,14,2,799.0
2246,1059,7,3,12999.0
2247,1256,12,4,2499.0
2248,1422,3,3,50.0
2249,1403,21,5,1799.0
2250,557,10,1,13499.0
2251,584,17,4,399.0
2252,1329,10,2,13499.0
2253,1090,14,3,799.0
2254,551,22,4,120.0
2255,846,18,3,350.0
2256,386,11,3,1299.0
2257,141,7,3,12999.0
2258,374,14,1,799.0
2259,280,13,1,4599.0
2260,594,9,1,42999.0
2261,227,20,5,199.0
2262,1305,17,2,399.0
2263,933,15,3,1999.0
2264,1266,22,3,120.0
2265,928,25,3,149.0
2266,558,18,5,350.0
2267,1435,6,5,13999.0
2268,1276,1,5,10.0
2269,1008,21,3,1799.0
2270,385,23,2,2499.0
2271,657,17,3,399.0
2272,40,6,2,13999.0
2273,312,19,5,250.0
2274,102,16,4,60.0
2275,1096,7,1,12999.0
2276,46,22,1,120.0
2277,381,24,2,899.0
2278,210,15,5,1999.0
2279,578,9,1,42999.0
2280,552,21,1,1799.0
2281,257,18,5,350.0
2282,1465,20,2,199.0
2283,898,25,2,149.0
2284,1490,14,4,799.0
2285,17,19,1,250.0
2286,477,24,1,899.0
2287,185,21,5,1799.0
2288,309,2,5,20.0
2289,31,17,3,399.0
2290,1011,7,3,12999.0
2291,445,12,4,2499.0
2292,701,15,2,1999.0
2293,861,5,5,120.0
2294,639,8,2,19990.0
2295,1021,5,1,120.0
2296,761,24,2,899.0
2297,950,22,2,120.0
2298,1428,25,4,149.0
2299,65,10,5,13499.0
2300,677,14,3,799.0
2301,165,14,5,799.0
2302,300,11,3,1299.0
2303,115,3,3,50.0
2304,546,21,4,1799.0
2305,804,7,1,12999.0
2306,147,14,4,799.0
2307,1113,9,1,42999.0
2308,963,10,4,13499.0
2309,372,21,4,1799.0
2310,394,6,5,13999.0
2311,513,9,5,42999.0
2312,782,22,1,120.0
2313,26,20,2,199.0
2314,250,8,5,19990.0
2315,1464,13,3,4599.0
2316,510,8,2,19990.0
2317,789,4,3,15.0
2318,908,5,1,120.0
2319,507,7,5,12999.0
2320,69,1,1,10.0
2321,408,8,2,19990.0
2322,944,10,4,13499.0
2323,193,15,4,1999.0
2324,1068,16,5,60.0
2325,1364,18,5,350.0
2326,427,14,1,799.0
2327,969,14,2,799.0
2328,797,21,4,1799.0
2329,1396,2,5,20.0
2330,640,7,4,12999.0
2331,662,6,5,13999.0
2332,325,9,4,42999.0
2333,1289,5,4,120.0
2334,1492,1,5,10.0
2335,87,9,3,42999.0
2336,1126,9,2,42999.0
2337,1067,22,2,120.0
2338,251,18,1,350.0
2339,519,6,2,13999.0
2340,986,21,5,1799.0
2341,1308,2,2,20.0
2342,612,24,5,899.0
2343,407,16,1,60.0
2344,739,1,5,10.0
2345,107,2,4,20.0
2346,1366,3,5,50.0
2347,447,11,5,1299.0
2348,232,20,3,199.0
2349,484,10,3,13499.0
2350,1297,3,2,50.0
2351,890,14,3,799.0
2352,665,12,3,2499.0
2353,31,22,5,120.0
2354,343,22,1,120.0
2355,566,3,2,50.0
2356,1198,13,2,4599.0
2357,246,24,1,899.0
2358,811,5,5,120.0
2359,498,8,2,19990.0
2360,19,4,3,15.0
2361,87,19,1,250.0
2362,1191,24,2,899.0
2363,1415,17,3,399.0
2364,974,4,2,15.0
2365,1410,17,3,399.0
2366,1222,22,1,120.0
2367,318,19,2,250.0
2368,761,25,2,149.0
2369,184,17,5,399.0
2370,510,9,1,42999.0
2371,323,16,1,60.0
2372,1024,3,3,50.0
2373,188,8,5,19990.0
2374,1405,20,3,199.0
2375,1267,4,3,15.0
2376,694,25,1,149.0
2377,1281,11,5,1299.0
2378,123,11,3,1299.0
2379,123,19,2,250.0
2380,729,24,4,899.0
2381,1321,13,5,4599.0
2382,316,24,3,899.0
2383,1437,24,3,899.0
2384,1099,8,1,19990.0
2385,220,14,1,799.0
2386,258,7,3,12999.0
2387,1000,5,2,120.0
2388,477,4,3,15.0
2389,649,6,2,13999.0
2390,1144,7,3,12999.0
2391,1321,9,1,42999.0
2392,712,15,5,1999.0
2393,899,14,5,799.0
2394,396,9,1,42999.0
2395,44,19,4,250.0
2396,1412,2,3,20.0
2397,774,16,5,60.0
2398,734,18,5,350.0
2399,1484,12,2,2499.0
2400,276,23,4,2499.0
2401,514,4,2,15.0
2402,81,11,3,1299.0
2403,994,18,3,350.0
2404,1448,14,2,799.0
2405,897,16,5,60.0
2406,1145,22,4,120.0
2407,604,8,2,19990.0
2408,1112,9,4,42999.0
2409,1428,5,2,120.0
2410,1004,12,4,2499.0
2411,389,16,3,60.0
2412,1161,23,2,2499.0
2413,383,12,4,2499.0
2414,1114,10,1,13499.0
2415,713,1,4,10.0
2416,663,21,2,1799.0
2417,1500,20,4,199.0
2418,960,2,2,20.0
2419,564,24,2,899.0
2420,1227,22,2,120.0
2421,1136,2,5,20.0
2422,329,23,4,2499.0
2423,142,22,2,120.0
2424,1088,8,3,19990.0
2425,318,9,1,42999.0
2426,921,18,3,350.0
2427,606,13,2,4599.0
2428,540,10,2,13499.0
2429,1110,21,4,1799.0
2430,752,23,5,2499.0
2431,930,12,2,2499.0
2432,2,22,1,120.0
2433,1307,4,2,15.0
2434,1037,18,1,350.0
2435,777,8,4,19990.0
2436,380,15,2,1999.0
2437,39,13,4,4599.0
2438,1270,1,4,10.0
2439,746,13,1,4599.0
2440,1271,9,5,42999.0
2441,490,10,2,13499.0
2442,657,3,1,50.0
2443,1477,25,5,149.0
2444,130,8,1,19990.0
2445,1349,10,4,13499.0
2446,1104,7,4,12999.0
2447,794,6,1,13999.0
2448,389,15,1,1999.0
2449,1074,21,1,1799.0
2450,1400,11,1,1299.0
2451,1019,25,2,149.0
2452,1130,21,2,1799.0
2453,316,14,1,799.0
2454,1256,2,3,20.0
2455,580,9,2,42999.0
2456,661,3,5,50.0
2457,840,25,1,149.0
2458,1313,16,1,60.0
2459,660,16,1,60.0
2460,227,24,5,899.0
2461,198,14,3,799.0
2462,1072,11,1,1299.0
2463,1350,23,2,2499.0
2464,137,14,2,799.0
2465,90,4,4,15.0
2466,266,6,5,13999.0
2467,366,23,4,2499.0
2468,65,9,2,42999.0
2469,414,17,3,399.0
2470,220,3,3,50.0
2471,995,12,4,2499.0
2472,393,14,2,799.0
2473,203,20,2,199.0
2474,66,24,1,899.0
2475,1170,18,5,350.0
2476,1315,24,3,899.0
2477,796,11,5,1299.0
2478,1348,15,1,1999.0
2479,1004,23,1,2499.0
2480,1077,1,1,10.0
2481,1278,25,1,149.0
2482,1437,2,5,20.0
2483,1209,21,3,1799.0
2484,525,21,1,1799.0
2485,101,6,5,13999.0
2486,751,21,4,1799.0
2487,453,15,2,1999.0
2488,1241,21,1,1799.0
2489,1471,5,2,120.0
2490,146,1,1,10.0
2491,27,13,2,4599.0
2492,428,7,4,12999.0
2493,1343,21,4,1799.0
2494,1007,10,2,13499.0
2495,164,11,3,1299.0
2496,959,19,3,250.0
2497,1309,3,2,50.0
2498,125,4,4,15.0
2499,740,6,1,13999.0
2500,1143,8,4,19990.0
2501,852,17,2,399.0
2502,756,23,1,2499.0
2503,1451,25,2,149.0
2504,120,21,1,1799.0
2505,1264,25,3,149.0
2506,545,5,3,120.0
2507,1084,20,1,199.0
2508,84,22,5,120.0
2509,145,14,3,799.0
2510,623,11,1,1299.0
2511,160,15,3,1999.0
2512,443,16,1,60.0
2513,1064,24,1,899.0
2514,199,5,5,120.0
2515,208,9,2,42999.0
2516,1486,6,2,13999.0
2517,474,22,4,120.0
2518,1089,19,5,250.0
2519,790,11,3,1299.0
2520,389,10,5,13499.0
2521,396,7,2,12999.0
2522,1078,3,4,50.0
2523,1346,14,2,799.0
2524,510,12,3,2499.0
2525,1168,6,5,13999.0
2526,1281,13,3,4599.0
2527,367,13,3,4599.0
2528,1144,19,1,250.0
2529,1144,8,3,19990.0
2530,851,1,4,10.0
2531,217,1,3,10.0
2532,1308,18,3,350.0
2533,1181,21,1,1799.0
2534,734,20,1,199.0
2535,1382,21,2,1799.0
2536,940,8,2,19990.0
2537,1439,3,3,50.0
2538,1363,15,2,1999.0
2539,875,7,4,12999.0
2540,214,9,4,42999.0
2541,342,23,4,2499.0
2542,370,6,1,13999.0
2543,1127,2,1,20.0
2544,823,13,5,4599.0
2545,1034,20,4,199.0
2546,692,14,3,799.0
2547,1347,20,2,199.0
2548,324,9,1,42999.0
2549,1094,5,3,120.0
2550,1229,3,2,50.0
2551,908,12,2,2499.0
2552,722,6,4,13999.0
2553,646,19,3,250.0
2554,1127,4,3,15.0
2555,665,1,4,10.0
2556,762,23,4,2499.0
2557,845,17,4,399.0
2558,1297,14,4,799.0
2559,882,25,5,149.0
2560,1487,15,3,1999.0
2561,663,22,2,120.0
2562,1247,16,2,60.0
2563,493,4,4,15.0
2564,1154,8,4,19990.0
2565,1118,23,5,2499.0
2566,439,7,4,12999.0
2567,769,7,5,12999.0
2568,1127,9,5,42999.0
2569,521,10,4,13499.0
2570,738,24,5,899.0
2571,927,16,5,60.0
2572,917,13,2,4599.0
2573,814,5,4,120.0
2574,1,14,1,799.0
2575,1488,7,5,12999.0
2576,71,20,4,199.0
2577,583,7,5,12999.0
2578,1221,10,5,13499.0
2579,34,24,2,899.0
2580,1061,22,1,120.0
2581,277,7,2,12999.0
2582,619,14,3,799.0
2583,14,6,1,13999.0
2584,616,14,2,799.0
2585,455,5,1,120.0
2586,440,1,3,10.0
2587,645,10,5,13499.0
2588,45,9,4,42999.0
2589,1413,8,2,19990.0
2590,566,20,1,199.0
2591,1134,15,1,1999.0
2592,1048,8,3,19990.0
2593,1140,12,3,2499.0
2594,1169,19,2,250.0
2595,1171,22,3,120.0
2596,317,21,4,1799.0
2597,194,15,2,1999.0
2598,78,3,5,50.0
2599,943,1,4,10.0
2600,729,16,2,60.0
2601,320,5,2,120.0
2602,284,11,2,1299.0
2603,543,23,1,2499.0
2604,752,13,2,4599.0
2605,1193,22,1,120.0
2606,512,7,2,12999.0
2607,478,23,4,2499.0
2608,525,13,1,4599.0
2609,616,23,4,2499.0
2610,189,14,3,799.0
2611,1169,24,1,899.0
2612,819,20,1,199.0
2613,1166,9,5,42999.0
2614,446,3,1,50.0
2615,159,4,4,15.0
2616,1482,18,5,350.0
2617,665,2,2,20.0
2618,989,2,1,20.0
2619,355,11,2,1299.0
2620,1000,8,3,19990.0
2621,1413,16,2,60.0
2622,1440,12,1,2499.0
2623,1181,20,2,199.0
2624,196,22,1,120.0
2625,1220,20,1,199.0
2626,1316,23,5,2499.0
2627,616,24,4,899.0
2628,77,2,2,20.0
2629,1497,1,2,10.0
2630,1181,9,4,42999.0
2631,782,17,2,399.0
2632,161,20,5,199.0
2633,115,13,3,4599.0
2634,685,10,4,13499.0
2635,713,13,4,4599.0
2636,890,22,3,120.0
2637,854,12,4,2499.0
2638,247,5,1,120.0
2639,465,18,3,350.0
2640,1337,2,1,20.0
2641,1234,19,2,250.0
2642,24,6,1,13999.0
2643,1299,9,1,42999.0
2644,1295,6,5,13999.0
2645,784,17,2,399.0
2646,111,16,5,60.0
2647,625,11,2,1299.0
2648,1074,15,1,1999.0
2649,85,5,4,120.0
2650,654,3,4,50.0
2651,1106,11,4,1299.0
2652,1157,23,5,2499.0
2653,307,17,3,399.0
2654,670,14,5,799.0
2655,1029,5,5,120.0
2656,1430,9,3,42999.0
2657,453,4,2,15.0
2658,314,11,4,1299.0
2659,104,2,2,20.0
2660,1380,5,3,120.0
2661,1499,16,1,60.0
2662,805,9,5,42999.0
2663,913,24,4,899.0
2664,1219,12,2,2499.0
2665,1179,14,2,799.0
2666,1034,10,4,13499.0
2667,185,9,5,42999.0
2668,455,20,1,199.0
2669,885,25,2,149.0
2670,594,9,4,42999.0
2671,808,17,2,399.0
2672,304,11,5,1299.0
2673,271,14,5,799.0
2674,689,6,1,13999.0
2675,170,11,4,1299.0
2676,975,24,4,899.0
2677,1171,16,3,60.0
2678,101,25,4,149.0
2679,1123,5,4,120.0
2680,818,18,2,350.0
2681,538,22,1,120.0
2682,175,21,3,1799.0
2683,817,15,4,1999.0
2684,1028,2,2,20.0
2685,890,7,3,12999.0
2686,1430,5,1,120.0
2687,268,2,1,20.0
2688,277,8,1,19990.0
2689,985,6,3,13999.0
2690,1146,2,5,20.0
2691,406,16,3,60.0
2692,1000,9,1,42999.0
2693,810,6,2,13999.0
2694,1336,23,3,2499.0
2695,1171,15,2,1999.0
2696,402,14,5,799.0
2697,1150,4,1,15.0
2698,1262,16,1,60.0
2699,1074,2,2,20.0
2700,505,15,5,1999.0
2701,497,12,1,2499.0
2702,147,23,3,2499.0
2703,546,18,2,350.0
2704,881,16,5,60.0
2705,663,15,2,1999.0
2706,1403,16,1,60.0
2707,1180,4,2,15.0
2708,184,24,3,899.0
2709,231,5,1,120.0
2710,1376,4,5,15.0
2711,848,12,5,2499.0
2712,868,3,1,50.0
2713,749,7,5,12999.0
2714,714,10,4,13499.0
2715,391,6,1,13999.0
2716,657,6,1,13999.0
2717,706,24,3,899.0
2718,1217,17,1,399.0
2719,1343,9,3,42999.0
2720,50,19,1,250.0
2721,625,22,3,120.0
2722,347,19,3,250.0
2723,717,7,4,12999.0
2724,1263,19,5,250.0
2725,906,1,2,10.0
2726,1277,17,3,399.0
2727,299,25,4,149.0
2728,903,19,3,250.0
2729,92,6,2,13999.0
2730,479,14,1,799.0
2731,409,3,3,50.0
2732,1404,8,4,19990.0
2733,766,25,5,149.0
2734,320,16,1,60.0
2735,1492,22,5,120.0
2736,176,4,2,15.0
2737,231,11,1,1299.0
2738,112,1,5,10.0
2739,498,10,4,13499.0
2740,1272,22,4,120.0
2741,303,22,5,120.0
2742,590,4,1,15.0
2743,29,13,3,4599.0
2744,704,12,2,2499.0
2745,1421,19,2,250.0
2746,228,4,4,15.0
2747,625,11,1,1299.0
2748,922,5,1,120.0
2749,965,1,2,10.0
2750,47,3,2,50.0
2751,680,15,2,1999.0
2752,429,23,2,2499.0
2753,1102,22,5,120.0
2754,434,16,5,60.0
2755,418,15,5,1999.0
2756,1120,21,5,1799.0
2757,1072,9,3,42999.0
2758,530,20,4,199.0
2759,1124,22,2,120.0
2760,990,1,3,10.0
2761,1276,11,3,1299.0
2762,1495,2,3,20.0
2763,290,21,5,1799.0
2764,1424,20,4,199.0
2765,1432,15,1,1999.0
2766,1369,11,4,1299.0
2767,38,24,2,899.0
2768,772,24,2,899.0
2769,1194,19,5,250.0
2770,1359,5,5,120.0
2771,1079,7,1,12999.0
2772,90,2,2,20.0
2773,524,21,5,1799.0
2774,349,10,4,13499.0
2775,124,11,1,1299.0
2776,582,2,1,20.0
2777,412,24,2,899.0
2778,1427,3,3,50.0
2779,1266,18,5,350.0
2780,556,20,1,199.0
2781,109,13,4,4599.0
2782,953,3,1,50.0
2783,1341,13,4,4599.0
2784,18,9,3,42999.0
2785,137,6,2,13999.0
2786,796,8,3,19990.0
2787,1353,25,2,149.0
2788,556,13,1,4599.0
2789,1358,3,3,50.0
2790,1352,1,5,10.0
2791,738,7,3,12999.0
2792,221,6,3,13999.0
2793,40,13,1,4599.0
2794,600,25,1,149.0
2795,1330,13,2,4599.0
2796,792,10,4,13499.0
2797,474,21,3,1799.0
2798,780,25,4,149.0
2799,1042,21,3,1799.0
2800,1454,5,4,120.0
2801,204,4,2,15.0
2802,647,10,1,13499.0
2803,993,16,5,60.0
2804,1223,14,4,799.0
2805,1089,24,1,899.0
2806,181,10,3,13499.0
2807,382,22,3,120.0
2808,408,20,4,199.0
2809,1026,5,4,120.0
2810,938,12,5,2499.0
2811,1149,22,2,120.0
2812,1460,4,4,15.0
2813,45,12,3,2499.0
2814,82,17,5,399.0
2815,507,7,5,12999.0
2816,1085,16,3,60.0
2817,625,15,3,1999.0
2818,684,13,1,4599.0
2819,1004,16,4,60.0
2820,806,9,5,42999.0
2821,322,19,4,250.0
2822,38,20,3,199.0
2823,711,14,1,799.0
2824,1402,3,5,50.0
2825,721,25,1,149.0
2826,728,14,2,799.0
2827,1281,12,5,2499.0
2828,620,20,1,199.0
2829,484,6,2,13999.0
2830,1027,14,1,799.0
2831,565,21,3,1799.0
2832,127,14,4,799.0
2833,1282,3,2,50.0
2834,528,2,5,20.0
2835,793,17,4,399.0
2836,61,11,1,1299.0
2837,1137,15,2,1999.0
2838,574,22,4,120.0
2839,462,8,4,19990.0
2840,311,21,1,1799.0
2841,700,22,3,120.0
2842,805,23,4,2499.0
2843,1346,5,4,120.0
2844,282,16,5,60.0
2845,180,17,4,399.0
2846,1495,21,1,1799.0
2847,783,21,1,1799.0
2848,1067,17,2,399.0
2849,1389,3,1,50.0
2850,1255,10,4,13499.0
2851,1282,15,4,1999.0
2852,1406,14,2,799.0
2853,466,3,4,50.0
2854,855,16,3,60.0
2855,493,10,1,13499.0
2856,1174,5,3,120.0
2857,313,5,3,120.0
2858,874,22,5,120.0
2859,640,10,4,13499.0
2860,1240,8,2,19990.0
2861,675,17,4,399.0
2862,920,14,1,799.0
2863,1111,10,3,13499.0
2864,270,19,4,250.0
2865,424,2,1,20.0
2866,1337,18,5,350.0
2867,284,3,2,50.0
2868,1190,2,4,20.0
2869,1109,17,2,399.0
2870,1401,4,2,15.0
2871,415,17,3,399.0
2872,283,14,5,799.0
2873,633,14,1,799.0
2874,1411,4,5,15.0
2875,1445,15,4,1999.0
2876,1073,22,1,120.0
2877,277,24,3,899.0
2878,881,19,4,250.0
2879,298,9,4,42999.0
2880,1344,12,2,2499.0
2881,1157,9,1,42999.0
2882,324,19,2,250.0
2883,651,3,1,50.0
2884,139,25,4,149.0
2885,1142,17,3,399.0
2886,1092,1,3,10.0
2887,1474,4,2,15.0
2888,243,24,1,899.0
2889,378,22,2,120.0
2890,651,15,1,1999.0
2891,299,6,3,13999.0
2892,1490,6,4,13999.0
2893,61,13,1,4599.0
2894,653,2,3,20.0
2895,848,3,4,50.0
2896,843,14,4,799.0
2897,622,23,5,2499.0
2898,908,10,2,13499.0
2899,1305,11,3,1299.0
2900,561,19,2,250.0
2901,312,24,1,899.0
2902,385,15,1,1999.0
2903,219,25,4,149.0
2904,270,22,3,120.0
2905,379,15,3,1999.0
2906,54,20,2,199.0
2907,1254,9,2,42999.0
2908,1264,11,3,1299.0
2909,547,6,4,13999.0
2910,1241,7,4,12999.0
2911,1162,6,4,13999.0
2912,1255,3,5,50.0
2913,473,24,2,899.0
2914,1222,20,4,199.0
2915,476,9,3,42999.0
2916,473,22,5,120.0
2917,1408,4,4,15.0
2918,54,14,1,799.0
2919,736,18,5,350.0
2920,163,1,5,10.0
2921,1410,1,2,10.0
2922,977,13,1,4599.0
2923,275,4,5,15.0
2924,1029,1,5,10.0
2925,1239,6,2,13999.0
2926,961,21,3,1799.0
2927,1459,16,3,60.0
2928,1331,15,1,1999.0
2929,766,23,2,2499.0
2930,377,13,4,4599.0
2931,794,22,2,120.0
2932,1007,24,4,899.0
2933,971,20,3,199.0
2934,282,24,1,899.0
2935,336,16,4,60.0
2936,396,10,3,13499.0
2937,464,20,5,199.0
2938,67,20,1,199.0
2939,837,12,4,2499.0
2940,31,23,2,2499.0
2941,553,22,4,120.0
2942,846,23,5,2499.0
2943,456,22,1,120.0
2944,1375,13,1,4599.0
2945,416,10,2,13499.0
2946,419,3,2,50.0
2947,136,5,4,120.0
2948,363,5,5,120.0
2949,900,1,2,10.0
2950,1264,7,5,12999.0
2951,1004,4,4,15.0
2952,1409,1,2,10.0
2953,666,23,3,2499.0
2954,938,7,2,12999.0
2955,506,1,2,10.0
2956,876,7,5,12999.0
2957,830,16,1,60.0
2958,86,21,3,1799.0
2959,1246,5,3,120.0
2960,780,21,1,1799.0
2961,1475,8,3,19990.0
2962,641,14,3,799.0
2963,808,21,5,1799.0
2964,1253,18,1,350.0
2965,1172,7,4,12999.0
2966,1217,3,4,50.0
2967,1099,10,4,13499.0
2968,1076,25,4,149.0
2969,1314,15,3,1999.0
2970,1443,5,3,120.0
2971,79,16,5,60.0
2972,1067,14,4,799.0
2973,224,1,5,10.0
2974,925,4,3,15.0
2975,936,6,1,13999.0
2976,87,5,2,120.0
2977,504,24,4,899.0
2978,1063,23,4,2499.0
2979,1102,15,3,1999.0
2980,811,16,2,60.0
2981,81,16,5,60.0
2982,1143,1,5,10.0
2983,794,15,2,1999.0
2984,1058,19,5,250.0
2985,1292,8,4,19990.0
2986,101,7,4,12999.0
2987,389,10,3,13499.0
2988,597,19,4,250.0
2989,901,13,3,4599.0
2990,816,2,5,20.0
2991,624,11,1,1299.0
2992,586,1,1,10.0
2993,945,4,1,15.0
2994,341,21,1,1799.0
2995,866,23,1,2499.0
2996,603,14,5,799.0
2997,1256,14,4,799.0
2998,112,16,1,60.0
2999,1414,24,4,899.0
3000,1059,19,5,250.0
